<?xml version="1.0" encoding="UTF-8"?><!--
  DO NOT ALTER OR REMOVE COPYRIGHT NOTICES OR THIS HEADER.
  
  Copyright 1997-2007 Sun Microsystems, Inc. All rights reserved.
  
  The contents of this file are subject to the terms of either the GNU General Public
  License Version 2 only ("GPL") or the Common Development and Distribution
  License("CDDL") (collectively, the "License"). You may not use this file except in
  compliance with the License. You can obtain a copy of the License at
  http://www.netbeans.org/cddl-gplv2.html or nbbuild/licenses/CDDL-GPL-2-CP. See the
  License for the specific language governing permissions and limitations under the
  License.  When distributing the software, include this License Header Notice in
  each file and include the License file at nbbuild/licenses/CDDL-GPL-2-CP.  Sun
  designates this particular file as subject to the "Classpath" exception as provided
  by Sun in the GPL Version 2 section of the License file that accompanied this code.
  If applicable, add the following below the License Header, with the fields enclosed
  by brackets [] replaced by your own identifying information:
  "Portions Copyrighted [year] [name of copyright owner]"
  
  Contributor(s):
  
  The Original Software is NetBeans. The Initial Developer of the Original Software
  is Sun Microsystems, Inc. Portions Copyright 1997-2007 Sun Microsystems, Inc. All
  Rights Reserved.
  
  If you wish your version of this file to be governed by only the CDDL or only the
  GPL Version 2, indicate your decision by adding "[Contributor] elects to include
  this software in this distribution under the [CDDL or GPL Version 2] license." If
  you do not indicate a single choice of license, a recipient has the option to
  distribute your version of this file under either the CDDL, the GPL Version 2 or
  to extend the choice of license to its licensees as provided above. However, if you
  add GPL Version 2 code and therefore, elected the GPL Version 2 license, then the
  option applies only if the new code is made subject to such option by the copyright
  holder.
--><registry xmlns:xsi="http://www.w3.org/2001/XMLSchema-instance" xsi:noNamespaceSchemaLocation="registry.xsd">
<components>
        <product built="1379566198027" expand="false" features="" offset="10000" platforms="windows" status="installed" uid="javame-toolkit" version="8.0.0.0.0" visible="true">
            <display-name>
                <default>Java(TM) Platform, Micro Edition Software Development Kit 8.0 EA</default>
            </display-name>
            <description>
                <default/>
            </description>
            <icon md5="a3112ba7e266938321394347e2a6e107" size="294">
                <default-uri>file:/C:/Users/RooT/javame-sdk/installer/8.0ea/tmp/icon.png</default-uri>
                <alternate-uri>resource:data/javame-toolkit/8.0.0.0.0/windows/icon.png</alternate-uri>
                <alternate-uri>file:/C:/Builds/jme-sdk/sdk/components/installer/build/output/registry-temp/components/products/javame-toolkit/8.0.0.0.0/windows/icon.png</alternate-uri>
            </icon>
            <properties>
                <property name="jdk.location">C:\Program Files\Java\jdk1.7.0_45</property>
                <property name="installation.location">C:\Java_ME_platform_SDK_8.0_EA</property>
            </properties>
            <configuration-logic>
                <file md5="c3b221e3778430af60860e38abe62909" size="24059">
                    <default-uri>file:/C:/Users/RooT/javame-sdk/installer/8.0ea/tmp/logic,1.jar</default-uri>
                    <alternate-uri>resource:data/javame-toolkit/8.0.0.0.0/windows/logic/logic,1.jar</alternate-uri>
                    <alternate-uri>file:/C:/Builds/jme-sdk/sdk/components/installer/build/output/registry-temp/components/products/javame-toolkit/8.0.0.0.0/windows/logic/logic,1.jar</alternate-uri>
                </file>
            </configuration-logic>
            <installation-data>
                <file md5="d1ffe7c7291ebdb7f9228b8df2164ca5" size="18813217">
                    <default-uri>resource:data/javame-toolkit/8.0.0.0.0/windows/data/data,1.jar</default-uri>
                    <alternate-uri>file:/C:/Builds/jme-sdk/sdk/components/installer/build/output/registry-temp/components/products/javame-toolkit/8.0.0.0.0/windows/data/data,1.jar</alternate-uri>
                </file>
            </installation-data>
            <system-requirements>
                <disk-space>39099632</disk-space>
            </system-requirements>
        </product>
    </components>
</registry>
